Titre,Texte,Image,Catégorie,Tags,Statut Site,Statut LinkedIn,Texte LinkedIn,Notes
Hello world!,"Bienvenue dans l’univers de Resource Gossip Girl !

Ici, on parle de facilitation, de coaching agile, de collaboration, d‘intelligence collective, de prise de décision collective et de résolution de problèmes en groupe, de Solution Focus, d’Agilité, d’auto-organisation, et d’Holacracy.

Que vous soyez manager, directrice, facilitatrice, coach agile ou conférencière, vous trouverez ici des ressources concrètes et inspirantes pour nourrir votre pratique au quotidien.

Mon objectif ? Vous aider à faciliter des interactions de qualité, qui font avancer les équipes et les projets.

🌟 Bonne exploration, et à très vite dans les coulisses de la facilitation !",business-executives-sticking-sticky-notes.jpg (https://v5.airtableusercontent.com/v3/u/49/49/1767988800000/pc4xabnB9c4BQelcNI6V0g/yCwSWubERruSwb2EyaE2N8Hjotk55VziHUDcOYJAz_B9Dr64ordCilXMbB2p9UdqAwxDfefTJN15zCbOc8W8JdcvsJZ0Dw39hGGz78FG6Oh6N7b98R4mZ8gtSW97qIw0xQ5uJxOlxDAvQ8aCuQrIH6eOPrhAwTKCbikbvlJ096uUiwqaM5yXyZyFIlpGgGWzv8YjBzcch68n5C6uy4EQVw/mKdE24dRa3L-AkF2pvjJy2AUCNle3a2r9dz6Aj61qKQ),,,Publié,Brouillon,,
Comment faire émerger les idées variées,"On l’a toutes vécu.
La cheffe donne son avis… et, comme par magie, tout le monde pense pareil. Étonnant, non ?

Si vous voulez entendre des avis variés, nuancés, créatifs, divergents — bref, tout ce qui rend le travail collectif vraiment riche et stimulant — il existe une technique simple et ultra puissante :

👉 Demandez à chacune d’écrire son avis avant d’écouter celui des autres.

Pourquoi ça change tout ?
Parce que quand une personne d’autorité prend la parole — qu’elle soit cheffe, experte ou simplement très expérimentée —, chacune a déjà eu le temps de clarifier sa propre pensée.

Résultat :
On peut choisir de dire « comme l’autre », mais en conscience.
Et surtout, on peut aussi oser partager un avis différent ou complémentaire, issu de sa propre expérience.

💡 Une petite astuce, un grand pas vers l’intelligence collective.",thinking-woman-holding-notebook-pen.jpg (https://v5.airtableusercontent.com/v3/u/49/49/1767988800000/zYxKfssbfBzAapS_tRmkeg/uI9cxk7_Oz_P9dtCvj62nB0X1Zq4MuypkAO1GYmgjEiIs0bY3Ix8m7qSMnPLBOBCq5FU01C-g8y3j49FQIVd40J9FGPQiuwJnniw4-OfsFSdeEm8SyopQzKDV_zjAYp34JY2izIlaVslFujqnFzdrPHW3zSB9Qd-_PVWxo0YCvnm-c2JxegRoZfnoRPxjJLz/DP-q-URSQBMfGYtUFQb-LK7wLNqgj1j1eLftnGxEJEA),En collectif,"facilitation,astuce,outil,basique,réflexion individuelle,diversité",Publié,Publié,"👩‍💼 “Yes, I think it's a good idea too.”
👨‍💼 “Same here.”
👩‍💼 “Yes, that's what we were saying…”

But does everyone really think the same thing? Or did someone just say what needed to be said to avoid making waves?

👉 When an idea emerges too quickly and the group falls in behind it without discussion, we can miss gems, strategic shifts… or truly weak signals.

In this article, I share a simple reflex to make a variety of ideas possible—especially when the initial speeches have frozen the mood.
Spoiler: it's not enough to say ""Don’t hesitate to share your thoughts.""

hashtag#Facilitation hashtag#CollectiveIntelligence hashtag#PsychologicalSafety hashtag#Leadership hashtag#DiversityOfIdeas",A réintégrer à la Newsletter LinkedIn
"Le Resource Gossip, la rumeur qui soigne","Lors d’un atelier, j’ai proposé un petit jeu aux participants : du commérage bienveillant. Oui, oui — parler dans le dos des autres, mais pour en dire du bien.

En français, on appelle ça comme ça. Et c’est bien plus puissant qu’il n’y paraît.

Une participante m’a confié qu’elle avait dû mentir.
Impossible pour elle de trouver une seule qualité à la personne de son groupe.
Spoiler : elle la critiquait pourtant régulièrement dans les couloirs.

C’est fascinant, non ?
On sait que les potins — même les plus futiles — créent du lien. C’est prouvé.
Mais ce qu’on dit moins, c’est que les potins positifs font mille fois mieux.

💬 Les talents, les petits gestes, les compétences observées (même à l’échelle microscopique), quand ils sont partagés avec précision et sincérité… changent tout.

C’est ce que j’appelle une information laudative.
Et elle a bien plus de poids qu’un simple « elle est sympa ».
➡️ Ce qui compte : être concret, donner un exemple, une scène, une preuve.

Et si tu ne vois « rien de bien » chez quelqu’un ?
Ne triche pas. Ne flatte pas.
Travaille ton regard.

Parce que toute personne a des qualités.
Il faut parfois juste changer l’angle, porter les bonnes lunettes. Tourner la tête. Changer de perspective.

Alors oui, Resource Gossip sonne comme un paradoxe.
Mais non, ce n’est pas une blague.
C’est un oxymore savoureux, à pratiquer sans modération.

💬 À la machine à café.
💬 À la maison.
💬 Dans ton club de sport ou ton covoiturage du lundi matin.

Et surtout…
🪄 En début de workshop, de formation, de séminaire.
Car c’est là qu’il fait des miracles.
👉 Il installe un climat. Calme les tensions. Crée des liens.
Bref, il prépare le terrain pour une vraie collaboration.

Une bonne question pour démarrer ? Qu’est-ce qui t’impressionne le plus chez elle ?

Alors, prête à devenir une gossip girl qui soigne plutôt qu’une gossip girl qui juge ? 😉
Essaye. Tu verras.
C’est addictif. Et diablement efficace.","""ChatGPT Image 29 mars 2025, 17_15_34.png (https://v5.airtableusercontent.com/v3/u/49/49/1767988800000/qxfqlmIqU6XvOYyxk6h2lQ/KafvUX7z0sr47BZ4jLtS46C1HZcqAdrE6EahQWJCHCcKOdDKclL4Wv-ko0aYgQhSdGaodtMNLjiLUVtT6IR5U8-mdcoetNqACtBOOauHVlORxKW9vOUc-0Lxy1MqD4J3kTHxZPY0usRnddxuB08wKDmu7bFTI-gC7LbUy3JujmSR5r8iHH8VpG7aJ7RNNDw9/6sQwd2gp5sfZ2YubZ1arZ7nMfgXkmbwke0CCLc7DgVk)""",La bonne question,"commérage bienveillant,gossip,Resource,Solution Focus",Publié,Publié,"You know all about gossip.

And at work, there's always some—sometimes funny, often awkward, rarely useful.



👉 What if I told you there was gossip... that boosts team cohesion, colleague engagement, and mutual trust?



🧩 In this article, I'll take you where few dare: to the little-known power of benevolent rumors—also known as Resource Gossip.

Those that, when used well, can repair, connect, and reunite.



💡 An unexpected, simple, and incredibly effective facilitation tool.

Try it at your next seminar... or just around the coffee machine.



👇 Click here to discover Resource Gossip, the rumor that heals",
Comment réussir les projets ambitieux ?,"Vous savez ce que j’adore dans les débuts de projet ? Ce moment où tout le monde est frais, dispos, et prêt à conquérir le monde avec son Trello flambant neuf. Le kick-off workshop ? Une merveille. On rit, on post-it, on se donne des rôles comme dans un bal masqué. À la fin de la journée, tout le monde a l’air de savoir exactement ce qu’il doit faire.

Mais voilà le twist que personne ne vous dit…
Ce n’est pas ce moment euphorique qui décide si le projet tiendra trois mois ou trois ans.
La vraie différence ? ✨ Le rythme. Le cadencement. Cette petite musique en arrière-plan qui empêche les gens d’oublier qu’ils sont embarqués dans quelque chose de plus grand qu’eux.

Et tenez-vous bien : ce n’est même pas forcément la cheffe de projet qui détient la clé.
Non non. Parfois, c’est juste la bonne personne, celle qu’on ne remarque pas toujours mais qui, comme par magie, organise les rendez-vous qui comptent. Les points d’étape. Les cercles de synchronisation. Les petits moments qui gardent l’élan vivant.

🕰️ Mon sweet spot ? Toutes les 3 semaines, une réunion ciblée en petit comité, thème clair, café chaud.
Et toutes les 8 semaines, la big réunion avec tout le monde, les updates, les rituels, et un petit frisson d’appartenance.
Pas plus, pas moins. Juste assez pour garder le cœur battant.

Alors la prochaine fois que tu vois un projet s’essouffler, ne blâme pas les outils ou les deadlines. Demande-toi : où est le tempo ?
Et surtout… qui le tient ?","""ChatGPT Image 3 avr. 2025, 12_21_27.png (https://v5.airtableusercontent.com/v3/u/49/49/1767988800000/KFs9KJC_wXSde4Do6UddsA/_kdKcve9xTfMN8X2vgb5DyUO7cymV71t-aa_lP1VFg9jFIksjG97sBofw1LgfRPnI-d1jxCqR_0M1Ynb0DpQGyGosAwfI2mpjDMPSYkLtC1-wF95LpnYOXn5HnMhcmXfjHL2d8vsSc-OTAZKvQfzUq1dprxie0a73W_FPTzwvVXJXOoKqs6U1aMAoSFveKaa/q5XGWmWr9cg4SVB99E81MqdNz1x4Z6i35aLSUz6Ad5I)""",Pouvoir sans pouvoir,"cadencement,kick-off,leadership,synchronisation,workshop",Publié,Publié,"Starting is already great. Lasting is the real challenge.
New project. Fresh energy. Big plans.
Everything feels possible.
And then...
Weeks pass.
Things slow down.
The buzz fades.
We move on.
Where does the spark go?
👇 Find out how to keep it alive:",
Comment s’assurer que c'est utile ?,"C’est souvent le moment où tout semble bien se passer. Les post-its volent, les idées fusent, les participants sont en petits groupes en train de phosphorer… Et pourtant on peut légitimement s'interroger.

Est-ce qu’on avance vraiment ?
Est-ce qu’on travaille sur le bon sujet ?
Est-ce que ce workshop va vraiment déboucher sur quelque chose d’utile ?

Quand on débute en facilitation, on met toute son énergie à faire produire les participantes, à les faire travailler ""sur le fond"". C’est noble. Mais parfois, à trop vouloir aller vite vers l’objectif, on oublie de vérifier si on est encore en train de viser juste.

Dans un projet, on planifie des rétrospectives.

Cette approche est fractale : on peut – et on doit – faire un pas de côté en plein milieu du workshop, pour vérifier qu’on est sur la bonne route.
Il permet non seulement de réaligner l’équipe, mais aussi de redonner du focus aux participantes qui papillonnent ou s’épuisent.

💡 En pratique, comment faire ?

On bloque un petit temps à la moitié de l’atelier, de préférence autour d’une pause.
Et on pose deux questions magiques :

Qu’est-ce qui est déjà plus clair depuis le début du workshop ?

Qu’est-ce qu’il faudrait encore clarifier pour que ce workshop atteigne vos meilleurs espoirs ?

💬 Les réponses orientent la suite, recentrent l’énergie, renforcent le sentiment de progression. Et parfois, elles ouvrent des pistes inattendues mais décisives.

Et si des participantes doivent partir avant la fin, elles ont pris conscience qu'elles ont déjà bénéficié des premières clarifications.

Tu facilites un atelier cette semaine ? Ou tu animes une simple réunion ?
Teste ces deux questions.
Et observe ce qui se passe.

👀 Tu pourrais être surprise.","""ChatGPT Image 14 avr. 2025, 16_32_56.png (https://v5.airtableusercontent.com/v3/u/49/49/1767988800000/vyJBKXyFZXcda6d71JbayA/DxsKj1xYYeWPKjSgxDqw7Mh_tBmmWuV7utB0w3XXNcYbSL5wud4XY2yLNQiPsHWANwpPCR3APkwcH6n7h5jB_vG8ne7e1xHnIUxrFVQhx0iFuc9iH6j_rwQuTnEZcxfXzsr1QZC5sYCxK6X27vPvDUKpST-YpFIBEndoFFJA98_Quy3NdDrfhMaFAveDiI-n/ay63F4omdaggIyaOmDAgYb8G8duAEi4kK2wrHKbZXUI)""","En collectif,La bonne question","clarifier,facilitation,focaliser,ralentir,recul,workshop",Publié,Brouillon,,
Comment réussir un atelier en 5′,"Il y a un moment clé dans chaque workshop.
Un détail que personne ne remarque… et qui change tout.

Quand je le prends en compte, l’atelier trouve sa direction, naturellement.
Quand je l’oublie, on avance à tâtons, en espérant tomber sur quelque chose de bon.

Et pourtant, ce n’est rien d’extraordinaire.
Cinq minutes. Une seule question.

💬 « Quel est votre meilleur espoir pour cet atelier ? »

C’est tout. Et c’est essentiel.

Comme quand on prend le métro new-yorkais : vérifier la direction prend deux secondes.
Mais sans ce réflexe, on peut filer vers le Bronx… en pensant aller à Brooklyn.

C’est exactement ce qui se joue en début d’atelier.
On prend un instant pour s’assurer que tout le monde est dans la bonne direction.
On clarifie ce qu’on vient chercher.
Et rien que ça, ça change la trajectoire de tout ce qui va suivre.

Parce qu’un groupe qui sait où il veut aller…
est déjà à mi-chemin d’y parvenir.

Et ça, croyez-moi, c’est le genre de secret qu’on ne partage qu’entre initiés.","""15 avr. 2025, 15_00_57.png (https://v5.airtableusercontent.com/v3/u/49/49/1767988800000/rwLj-XE1NKreHddodVGlnA/SyqhwYttYsEkmVmwRp3VCg-SdXBwQVMGpAE6uqP8VVpfY2qQ9kaDjFO4YLMorwTUihS4GKPl399Wrjvj9-kJCX58wgA8h_Kf0IlqUKIxFbPjnQlqgNTfXHnVMIW4HIk-SMIsLaRgm2M9Auv7yRGysIYVOtdMoanLiSJ7XHjRcEU/DcLRWGUMFO7wLeUGwR61qUIzjq_lQu9Cv2lYcsD04w4)""",La bonne question,"embarquement,kick-off, meilleur espoir,question,Solution Focus,workshop",Publié,Brouillon,,
Comment donner envie de venir,"Il y a des invitations qui donnent instantanément envie de répondre « compte sur moi », et d’autres… qui ressemblent à une convocation RH, tout droit sortie d’un épisode de The Office.

Mais soyons honnêtes.
Quand vous invitez à un atelier, est-ce une véritable invitation… ou une assignation à comparaître ?

Dans mon métier, j’en ai vu passer des centaines. Et souvent, ce petit message qui devrait ouvrir la danse est expédié comme une formalité.
Pourtant, tout commence là. Avant les post-its. Avant les questions puissantes. Avant même les viennoiseries — ou les donuts, si vous êtes du côté de Manhattan.

✨ Une bonne invitation, c’est un acte de leadership délicat.
C’est offrir à l’autre une raison de dire oui avec envie, pas par devoir.

Et pour ça, il existe un template qui change tout.

Je l’ai reçu de Géry Derbier et Laurent Sarrazin, eux-mêmes inspirés par Helen Bailey et Mark McKergow dans leurs travaux sur le Host Leadership. Depuis, je ne m’en passe plus — en pro comme en perso.
Et croyez-moi, cette formule fait des merveilles.

💌 Voici la recette :

1. Commencez par partager ce que vous appréciez chez la personne que vous invitez, ce qui vous a donné envie de l'inviter.
Une qualité, une compétence, une posture… C’est aussi une manière de dire : « J’aimerais que tu sois cette version de toi pendant l’atelier. »

2. Montrez-lui ce qu’elle pourrait retirer de ce moment.

3. Laissez-la libre d’accepter… ou pas.
Et vraiment libre. Sans pression, sans justification. Le choix, c’est le début de l’engagement.

Quand vous invitez comme ça, vous ne faites pas que remplir une salle.
Vous honorez une personne.
Vous posez le décor d’un espace où elle aura de la place, dès le premier mot.
Et souvent, elle vient.
Avec l’élan juste.

🎀 Et vous savez ce qu’on dit sur l’Upper East Side :
une belle invitation, c’est déjà le début de la fête.","""ChatGPT Image 16 avr. 2025, 16_39_19.png (https://v5.airtableusercontent.com/v3/u/49/49/1767988800000/jXToX06omqLWaavc9p2wJA/9qQYETyN7Ehw0Te0xjDn-pZZb0j5dQVHPNOzWLriPDV-_5059omU9_CrSevPf2_GlPyxSk_oF-vASk0Kl5diSvzK90avUVr2RbHOHfpSvvw3rzTfoE3XW13eqOeaOYofBjZ2WoJ1a4i3I_81M94aM3ATmkTiURnUXCSD7OAWFLy6CCxAFcB0ChAcP_joCfhH/wWy--cyLZ98w72a4nlfdsiATTh5DyrCG7-XcieoXehA)""",Pouvoir sans pouvoir,"hostleadership,invitation,kick-off,leadership,outil,Resource,Solution Focus,template,workshop",Publié,Brouillon,,
Comment inclure ta présentation PowerPoint,"Il y a toujours ce moment, en amont d’un séminaire, où une leader dit :
“J’aimerais commencer par une présentation. Enfin… quelques-unes.”

Et là, je sais déjà ce qui va suivre.
Une série de slides. Une prise de parole solo. Des participantes qui scrollent.

Pourquoi tant d’amour pour les présentations ?
Parce qu’elles donnent une illusion de maîtrise. Elles offrent à la leader un micro, une scène, un moment où le message est martelé.

Mais du côté des participantes ?
Elles traversent la ville, bloquent 6 heures dans leur agenda, s’installent dans une salle…
Et tout ça, pour regarder quelqu’un lire des slides ?
Honnêtement, ce moment-là pourrait être un email. Ou une vidéo. Ou mieux : une idée en l’air.

Ce qu’on oublie, c’est que rassembler des personnes dans un même lieu, c’est un luxe.
Et que ce luxe mérite mieux qu’un one-woman-show.
C’est un moment pour faire émerger les idées, les questions, les ressources, les envies d’agir. Pas pour geler l’attention dans une salle à 19°C.

Alors, si vraiment vous devez partager des infos en atelier :
✅ Faites-le en 18 minutes max.
Pourquoi 18 ? Parce que c’est la limite fixée par les TEDTalks. Et ils savent deux-trois trucs sur l’attention.
✅ Ensuite, ouvrez. Posez une question. Organisez un échange. Faites-les parler.

Vous découvrirez vite que les participantes en savent bien plus que vous ne l’imaginiez.
Et que leurs vraies questions valent toutes les réponses prémâchées du monde.","""ChatGPT Image 17 avr. 2025, 15_57_52.png (https://v5.airtableusercontent.com/v3/u/49/49/1767988800000/vRjg11G8Bn1FPubIElVWJw/8K3oukBItZ2xwCaseThqJnHchNrVvILdWXSpcQ0opnqoZlUsCvlZuosqPhTHiEy3CIrT5co9zXp3v9iQoOta4hZAbptik-DlcyG2_ddF-55a_7JqzGo8iLHXmZHADh7X5vCEIfoEntCgynnB-rIXvJIM9YfQ5Cmtl1IQojRUovFWenz7ypfPfGNgAtUi0ouT/Yvu-o1tJCkNFTgMXeQoZEjMy8wGxJqJxYI_YyAAUePc)""",En collectif,"facilitation,leadership,powerpoint,presentation,seminaire,tedinspo,workshop,workshopdesign",Publié,Brouillon,,
Comment muscler ta question de vision,"Quand on anime un exercice de vision, qu’on accompagne une équipe en conflit ou qu’on lance un nouveau projet, on commence souvent par une question orientée vers le futur désirable. Par exemple : Quel est votre rêve ?

C’est une belle entrée en matière. Mais soyons honnêtes : c’est un peu comme un feu d’artifice en plein jour. Oui, ça explose, mais on ne voit pas grand-chose.

J’ai vu cette question posée mille fois avec les meilleures intentions. Je vais vous le dire clairement : elle n’est pas suffisante.

Ce qui transforme un rêve en levier d’action, c’est son impact.

Posez plutôt des questions comme :

À quoi verrez-vous que l’entreprise est au top ?
Quelle différence ça fera que votre équipe soit réconciliée ?
Qui bénéficiera de la réussite de ce projet et comment ?
Quand on formule la question de cette manière, quelque chose change dans la salle. Les gens arrêtent de rêver tout seuls dans leur coin. Ils commencent à construire quelque chose, ensemble.

Parce qu’on ne facilite pas pour que ça reste joli dans un carnet. On facilite pour que ça change quelque chose dans le réel.

Un tout petit effort de formulation. Une toute petite différence dans la posture. Mais un effet énorme.

Et toi, facilitrice au cœur tendre, vas-tu encore vendre du rêve… ou créer du réel observable ?","""ChatGPT Image 18 avr. 2025, 14_48_38.png (https://v5.airtableusercontent.com/v3/u/49/49/1767988800000/O_rvWGFJr3SE9_SVRv9OAg/9d8qQqZmCowTEa6PvCZr0jxN0dyPqYvzW-JTiR0ehPHnKOYVJDJz-z2ry9rkTD9K1s_92K_Q_MOy9aMTR-ZJABiRL935ijXG_25buI5osBsfB1NidlEMluAs5Fw_BWP-ENKOAIwlFY6Q78KD3ViW5IfWYp9u2heeKoloma98WjtTcYcLoRFg3nbzhSTkOSpo/tdPylX0iU1k7OwFHBoOphATjvUM67h_o9xHpPQrQtxA)""",La bonne question,"futur désiré,question puissante,Solution Focus,vision,workshop",Publié,Brouillon,,
Comment se préparer à une conversation difficile,"Tu sens qu’un lien s’est distendu. Un projet patine. Une personne s’éloigne. Et toi… tu veux retisser quelque chose.

Stop.
Avant de foncer tête baissée dans la conversation “difficile”, prends un instant. Ralentis.

Pose-toi une question toute simple :
👉 Qu’est-ce que j’apprécie profondément chez cette personne ? Chez cette équipe ?

Liste cinq qualités. Pas une de moins. Ne commence pas à préparer la discussion tant que cette étape n’est pas claire dans ta tête.

Parce que ce regard-là – lucide, optimiste, généreux – va poser les fondations de tout le reste. C’est lui qui transformera ton intention en invitation. C’est lui qui ouvrira la porte… sans que tu aies besoin de forcer la serrure.

Et maintenant ? Tu te sens déjà mieux. Tu es prête. Plus ancrée. Plus ouverte.
Tu viens de changer la nature même de la conversation à venir.

💬 Vois d’abord ce qu’il y a de beau, et tout le reste devient possible.","""21 avr. 2025, 13_39_00.png (https://v5.airtableusercontent.com/v3/u/49/49/1767988800000/jjrniyPxl7zLw0NXvoqiAQ/q1q82f7_blZ6hGknMiP_QNjd7K4xEILbyRHPQjomffiePlSxVbiCXFvskTS45fs_GSw0a-Cd94z-0tljE0CTC5sRGCi7OcFyQovEdxyD5_KjsTlpao_Ioi0N7RB-vQny-7Ff1AXSoHuwEFPyfUb6muuEI6Lc0zQjHi8rH6rDdw0/fPT9N9ZREIJ5m7prmH_ZQM9zU5-7Qlt2E3VICAIEZ24)""","La bonne question,Pouvoir sans pouvoir","astuce,outil,Resource,Solution Focus,ralentir,leadership",Publié,Brouillon,,
Comment préparer une conversation difficile,"Tu as retrouvé ton regard positif. Bien joué.
Maintenant, place à l’étape suivante : préparer la conversation elle-même.
Mais attention — on ne prépare pas une confrontation. On prépare un nouveau départ commun.

Commence par rêver un peu.
Si tout allait mieux… à quoi le verrais-tu ?
Quelles seraient les preuves concrètes que les choses avancent, que le lien se retisse ?
Note 5 à 10 indices. Des signes visibles. Des petits détails qui changent tout.
Tu poses le décor de ton idéal, et tu lui donnes des contours clairs.

Ensuite, fais le point.
Sur une échelle de 1 à 10, où en est la situation aujourd’hui par rapport à ce que tu viens de décrire ?
Et surtout : qu’est-ce qui fait que ce n’est pas un zéro ?
Ces éléments-là, si discrets soient-ils, sont de l’or en barre.
Ce sont les germes de ce que tu veux voir grandir. Appuie-toi dessus.

Enfin : à quoi ressemblerait +1 sur cette échelle ?
Pas besoin de viser l’utopie.
Un petit pas, mais un pas net.
Ce sera le cœur de ta proposition quand tu prendras la parole.

💬 Avant de parler, éclaire ta carte. Autant pour savoir où aller… que pour savoir comment partir.","""ChatGPT Image 21 avr. 2025, 13_52_34.png (https://v5.airtableusercontent.com/v3/u/49/49/1767988800000/JNVGG8o6REHRpTBmH5STXQ/53zSsFY9S5T_hr7LPG1WPn4vWzOne2MtNMrRWUQ3XWH9LcwD3o89sT548uQzN-gvuDzUMNZPtIpmdeMB7JZ_-U42LWdlvEDRRLWwCBNdy5YrGTEVdGIkAc0LufneLTf7nkeSEf5SBODFBLF_PiJnyRPf_Y3TD2Dpw9bXRB2pAgiJzkgHDlxH4Qotr78Xab3U/hpsSDzO1qhLQuqW02UlhYEOYnPU6mY_fBa6LUowKses)""","La bonne question,Pouvoir sans pouvoir","réflexion individuelle,leadership,outil,ralentir,Resource,Solution Focus",Publié,Brouillon,,
Comment mener la conversation d'ajustement,"Tu es prête. Tu sais ce que tu apprécies.

Ton discours est prêt. Tu sais où tu veux que vous alliez. Tu vois où vous en êtes. Et tu as une idée de ce que pourrait être le petit pas d’après.

Il est temps d’inviter. Mais attention : pas pour “mettre les choses à plat”. Pas pour “exprimer ton point de vue”. Pour créer une alliance.

Prends le temps de poser le cadre :

1/ “J’aimerais qu’on prenne quelques minutes ensemble. Merci de prendre ce temps pour que nous puissions discuter.” (On s’arrête de « faire » pour prendre du recul)

2/ “Il y a un sujet important pour moi : [insère le thème].”

3/ “Je pense que ça pourrait vraiment nous aider, à toi comme à moi : [explique les bénéfices concrets].”

4/ “J’ai pris le temps de réfléchir. Voici ce qui me convient déjà. Voilà aussi ce que j’aimerais observer bientôt.”

5/ “Et si on essayait un petit pas ? Voilà ce que je te propose…”

Et puis écoute. Laisse l’autre compléter la danse.

💬 « On ne change pas une relation avec des reproches. On la transforme avec une proposition. »

Qui aurait cru que le +1 pouvait faire autant d’effet ?","""ChatGPT Image 21 avr. 2025, 14_03_54.png (https://v5.airtableusercontent.com/v3/u/49/49/1767988800000/k8egbp-Z4_j-NrpCoGcDEQ/L7hFg41WwSoOPUY8S58h6nOLpcPc3htNIRH90giR9JCIhceN8OzDNjZBJ-zeR1KxqBGLNh48wb4fjdtwUsVuXDpsqz9UCeaS9So-v8KpXycQQsrekzOnSXe2rFSXbtLggjYewd8vWffppUunudaUFi-Dm4x2eF-nxLdMEX75mTlyFVR17EyYpehSangdW3rg/lKCNFHDmSBH3iPkuROkPUKvcJJfhtlJSEhU-M-TtX1s)""","La bonne question,Pouvoir sans pouvoir","outil,Solution Focus,leadership,ralentir,Resource",Publié,Brouillon,,
Comment retrouver l'attention d’un groupe ?,"Il y a ce moment magique — ou périlleux — dans tout workshop.

Les conversations battent leur plein en petits groupes. Ça rit, ça cogite, ça construit. Et puis… il faut revenir au grand groupe. Recentrer l’attention. Repartir ensemble. Et là, tu sens le vertige : comment interrompre sans casser l’énergie ?

Tu pourrais crier (mais on n'est pas au marché). Tu pourrais taper dans tes mains (ambiance kermesse). Tu pourrais attendre poliment (et voir ton timing exploser).

Mais il existe un geste. Simple. Silencieux. Élégant.

Lever la main.

Une facilitatrice lève la main. Une participante voit, termine sa phrase, lève la main à son tour. Le signal se propage, les conversations s’éteignent doucement. Le groupe revient à l’unisson, sans friction. Pas besoin de crier. Pas besoin de déranger.

Un code. Pas si secret. Un code qu’on rêve de voir adopté partout.

Un geste de respect. Un réflexe collectif. Un petit bijou d’intelligence facilitatrice.

Et moi ? Quand je vois toutes ces mains se lever…
Je suis comblée.","""ChatGPT Image 22 avr. 2025, 15_29_58.png (https://v5.airtableusercontent.com/v3/u/49/49/1767988800000/lGuenqlPAy-ql5GVfHe-_g/vqmbPsmVrSsKK6ZD-NenPAQlsc2LGjyydURg0M49yB7ChkX-4klatmC7tH-X06WGSCX8TCL4Mjqp05EgIUZPuMbmf2OIWM6LNFjaJKdGotUqAhH6JL0hLg2Nl5AcUWGPp4UJRU2ROGCo1o6hmsE30i4JiJMKXx6QES1f9oSZBfnYnFJFU5jkRojfqI7yTee3/H1bicZIYWFsumeNuOQrsMDpc61nIltBvyU0APleLjNA)""",En collectif,"facilitation,astuce,outil,basique,workshop",Publié,Brouillon,,
Comment faire pour que tout le monde s'exprime,"Le long silence gênant. Toi-même tu connais.

La question est lancée. Chacune regarde ses notes. Tu sens que des idées bouillonnent, mais personne ne se jette à l’eau.

Et puis, souvent, c’est la même personne qui parle. Ou pire : c’est le vide.

Ce n’est pas que les autres n’ont rien à dire. C’est juste… qu’elles n’osent pas.

Prendre la parole devant un groupe, même amical, même professionnel, c’est une montagne pour certaines. Le cœur bat plus vite, la voix tremble, la gorge se serre. On se demande si notre idée est claire, pertinente, utile.

J'ai un truc pour toi. Simple. Redoutablement efficace.

Avant d’ouvrir la discussion à tout le monde, j’invite chacune à parler à sa voisine. Juste deux, trois personnes. Un micro-groupe.

Parce qu’à cette échelle, c’est plus facile. On teste son idée. On affine sa formulation. On se sent écoutée. Et surtout : on voit que notre idée n’est pas si absurde. Peut-être même qu’elle fait tilt.

Et là… la magie opère. La confiance monte. Et l’envie de partager s’invite.

Pas besoin de passer de 2 à 150 personnes d’un coup. Parfois, le bon escalier, c’est une discussion à 6 ou 7, avant le grand plongeon.

Et ce petit secret, je l’utilise aussi en conférence. Parce que même dans un auditoire de 300 personnes, une conversation entre voisines peut transformer l’ambiance.

Alors la prochaine fois que le silence s’installe, tu sauras quoi faire.
Une petite conversation à deux, et hop, l’envie de parler fait son nid.

Allez, je te laisse souffler ce secret à ta voisine…","""ChatGPT Image 24 avr. 2025, 15_34_09.png (https://v5.airtableusercontent.com/v3/u/49/49/1767988800000/jMfqAlGkufal1H3akNQ54A/_hyIvK5PIC9bbX8f2_nZCjnryqOzHUOhtj1_vvFZMkq5iZQKj1dF8Q3tJkCm72GOsyGINvY1thSJnyFOI3IvvSlh7Rtr-Lv8fgTNOSTtRlYx91YzVzLwhGBhh0Px5bB7f56wBT6Hsnn-u6xOcx3vZaeHWnXPWV7M5lNPUHXLlFdJiBKPSP3N0TbglLmxo87t/bgFl00eUu0FAzJAeOqRJT6ze3O3Vaonuemvj4vSKeA4)""",En collectif,"astuce,basique,facilitation,outil,ralentir,workshop",Publié,Brouillon,,
Comment réagir à une plainte,"— Franchement, je ne comprends pas pourquoi on change encore d’outil…
— C'est toujours à la dernière minute…
— Je perds un temps fou à chercher les infos…

Tu sais que balayer la plainte d’un revers de main ne ferait que renforcer le malaise.
Mais tu n’as pas non plus envie de transformer ce workshop en séance de doléances.

Alors tu respires.
Et tu écoutes.

Pas juste les mots.
Tu écoutes au-delà des mots.

Tu cherches les ressources dans ce qu’elle dit.
Parce que si elle s’exprime, c’est qu’elle tient à quelque chose.
Et ce quelque chose, c’est souvent une pépite.

Peut-être qu’elle a mis en place mille petites stratégies pour que son équipe tienne le cap.
Peut-être qu’elle dit, sous sa lassitude, un vrai besoin de stabilité, de repères, ou de clarté.

Tu peux l’accueillir, sans dramatiser.
Et plus tard, tu pourras activer ses forces, parce que tu les auras vues. Parce que tu auras su les écouter.

Écouter une plainte, ce n’est pas céder.
C’est repérer ce qui compte.
Et c’est parfois là que commence la vraie collaboration.

— Et tu sais que je le fais aussi dans les réunions les plus tendues.
Parce qu’entre une plainte et un potentiel, il n’y a qu’un battement d’oreille...","""ChatGPT Image 24 avr. 2025, 16_01_51.png (https://v5.airtableusercontent.com/v3/u/49/49/1767988800000/ORTde30gEyYTTlhCPW1G6Q/CAy571_4NCmdPb5ou5_zYuE0P6O_N5_FFhb95ajseM6bbk28jfqrDjyM_ykT7NcIKcJ6UMadJtUPtOZGOG9om9OUYPXm3elrBP7kVlCzHGXsMxlstFYrflRhYu-CrQL2UJsUinOQfUVJYFzLWzXbGvNWeXSkhzzmPgKFugMUnS3aznG_oyNiQCNNJAAPJlRM/BRnoFw-0_VvJ6gnHwK7i3HSJ6bvyOuMUv_MdK79kYTw)""",La bonne question,,Publié,Brouillon,,
Comment doser les pauses en atelier,"La pause.

Ce moment de creux qui accélère tout du reste.
Le silence entre deux notes.
Le couloir entre deux salles.
La respiration d’un workshop.

Quand on anime une journée entière – séminaire stratégique, lancement de projet, rétrospective d’équipe – on pense au déroulé, au rythme, aux post-its… mais trop rarement à la pause.

Et pourtant, elle n’est jamais neutre.
Elle peut relancer une dynamique. Réparer un frottement. Faire émerger une idée.

💡 Deux écoles, deux philosophies.

La première, minimaliste :

“Faites vos pauses quand vous voulez, comme dans une journée normale de boulot.”
Responsabilisant, fluide, presque militant. 
On crée un climat de confiance et de liberté.

La deuxième, plus cadrée :

“Pause à 10h30, 12h30, 15h30.”
Et là… ça peut accélerer tes résultats de workshop.
👉 car les discussions les plus précieuses ont souvent lieu pendant les pauses.

Mais alors, combien de temps faut-il leur accorder ?

 C’est une question de… plomberie.

Oui, tu as bien lu.

Car la qualité d’une pause dépend souvent du nombre de toilettes. 
Et plus exactement du nombre de toilettes accessibles aux femmes.
Puisqu’on y fait souvent la queue. Longtemps.

Alors si tu veux que ton atelier respecte les rythmes de toutes, commence par une visite de repérage.

🎯 Le design d’un bon atelier commence parfois… dans les détails logistiques.
Et ces détails, bien pensés, peuvent changer l’ambiance et la qualité des interactions.

Et souviens-toi… Ce n’est pas dans la salle que tout se joue. C’est souvent entre deux portes.","""ChatGPT Image 25 avr. 2025, 11_11_47.png (https://v5.airtableusercontent.com/v3/u/49/49/1767988800000/fAznOvi3ORs89E_dH0IbOQ/WRCXHEKwYMrW8WL58R3I-b86rfyNMlXazw3ihSnEJ7qN9i6XE-wyu-m37U4Vvqx9z53khFF_sWmcbs-_vBOlh-l50gONBrAOlfmW8VDjz40PzJByNOGqaBrg8jgHqctfjfGOJMrAWkRIgHDKbM05FfjxaTJo0E7Hu26d0pWMf1fSNxb2kB9oK_7gMO_gamSL/gAlUKqPTqxeIvYuNpsfK6fLMyieVLuxM8BkI8kNW0J0)""",En collectif,"facilitation,workshop,astuce,pause",Publié,Brouillon,,
Comment sortir la conversation du tout ou rien,"Les premières phrases claquent parfois comme des portes.

« Ce projet est nul / Rien n’avance jamais ici. »
« Cette équipe doit être fermée / Cette personne devrait être virée. »
« Moi, je n’ai rien fait / je ne sais rien faire. »

Quand l'ambiance est électrique et les jugements tranchants, le réflexe serait de raisonner, de tempérer, de convaincre.
Mais il existe un chemin plus subtil — et surtout plus fécond : ouvrir un espace de nuance.

✨ C’est là que l’Échelle entre en scène.

Au lieu d'opposer les extrêmes — bon/mauvais, capable/incapable —, on invite chacune à placer un curseur sur une échelle.

Par exemple :

Sur une échelle de 1 à 10, à quel point le projet est-il déjà avancé ?

Sur une échelle de 1 à 10, à quel point l'équipe fonctionne-t-elle ?

Sur une échelle de 1 à 10, à quel point es-tu compétente sur ce sujet ?

L’échelle casse la logique du noir ou blanc.
Elle fait apparaître les nuances de gris… puis éclore les couleurs.

🎨 Et dans ces couleurs, naissent des chemins nouveaux : ceux de la lucidité, des possibilités et de la confiance.

💬 Et toi, sur une échelle de 0 à 10... à quel point tes questions ouvrent-elles des espaces de nuance ?","""ChatGPT Image 28 avr. 2025, 14_31_23.png (https://v5.airtableusercontent.com/v3/u/49/49/1767988800000/JigKMfxhABfOxty0rmDjdA/yflUremK405VfV7GVnU0swX0BYZAf-nIg5s62ZDl5oaX7sN8_G4hG-9RyzZMsuongrmQsDJa0SFaF2r4OA9DhsOhjGgXzgpixNpVLDV_MQmTsW0xFzjWvobja8U16yvgY01VlLGEsLVwhgyvQiv1kumUXVloZ8fj3Mx8k5vwz-CNAScjjYYF2DqVLu9ikeIy/ThHcJNggtCEfeng-mg-LqOb6MUOW0l7kB7eOK21g-Hs)""",La bonne question,"échelle,coaching,facilitation,intelligence collective,Solution Focus,workshop",Publié,Brouillon,,
Comment clarifier la todolist en équipe,"C’est le tout début. Le kick-off.
Celles qui sont là veulent avancer. On rêve à ce que donnera le projet terminé, à l’impact, à ce que ça va changer pour les utilisatrices. Et puis très vite, l’impatience monte : « Bon, et maintenant, on fait un planning ? »

Ralentis.

Avant de dégainer les deadlines et les rétroplannings, je propose autre chose : un petit détour par le dressing. Oui, le dressing.

On prend tous les post-its du brainstorming, et on les classe… par taille de T-shirt.
XS, S, M, L, XL, XXL.

Pourquoi ? Parce que c’est simple. Visuel. Et surtout ça déclenche trois conversations puissantes.

1. La conversation sur la valeur
Est-ce que l’effort nécessaire pour réaliser cette tâche est proportionné à l’impact qu’elle aura ?
Parfois, une énorme idée n’apporte pas tant de valeur que ça. Parfois, un petit détail change tout.
Mettre les post-its côte à côte, par taille perçue, fait remonter ces tensions-là. Et ça permet de faire des choix en conscience.

2. La conversation sur les divergences
Tu crois que ce post-it, c’est du XS. Ta collègue le voit en XL.
Plutôt que d’arbitrer, on ouvre la discussion : qu’est-ce qui fait qu’on voit les choses si différemment ?
Souvent, ce n’est pas qu’on n’est pas d’accord : c’est qu’on ne parlait pas exactement de la même chose.
Et là, hop, clarification.

3. La conversation sur les mastodontes
Quand une tâche est classée XL ou XXL, il y a deux options.
➊ Elle est trop grosse, alors on la découpe. On verra mieux ce qu’il y a concrètement à faire, et on pourra vraiment la plannifier.
➋ Elle est là parce qu’on n’a aucune idée de combien de temps ça va prendre… alors la première tâche c’est d’enquêter.

C’est pas la taille qui compte. C’est la conversation qu’elle déclenche.","""ChatGPT Image 1 mai 2025, 10_48_31.png (https://v5.airtableusercontent.com/v3/u/49/49/1767988800000/19l4Y1Jt2syn5Skls8XlGQ/aCb3CVwT6oRqCnVMVpw4hX7zAga_SEQigWjYUMbd7x3vmUArltx3hDjZ-3IIw0KlVOoQhpiBrZzJfwywsxf0klmPP8uc3D3KxDk3EmzMFFWIdglxa72naP0hHYQERyQP1fq0q905Fo_ysZP35D6b2Am1D3ikPkSGVxeXBVBB9XVXoSbUkgAAwQRqz7wtT3i7/IRq5L9AjaV3BzrcDzlj8O7tGs8IqK0vZQUaGma6-oTs)""",En collectif,"facilitation,outil,gestion de projet,intelligence collective,ralentir,workshop",Publié,Brouillon,,
Comment tirer le meilleur d’une question échelle,"Tu connais déjà l’outil : la fameuse question échelle.
Elle sert à amener de la nuance, à sortir des jugements à l’emporte-pièce, à ouvrir des possibles dans une conversation ou un atelier.

Et franchement, ça marche.
Un petit “sur une échelle de 1 à 10…”
Et hop, la discussion devient plus fine, plus riche, plus complexe dans le bon sens du terme.

Mais attention, il y a un piège.
Un piège tellement intégré à notre manière de penser qu’on le voit à peine.
Et pourtant, il sabote tout l’intérêt de l’échelle.

💥 Ce piège ? C’est de vouloir aller trop vite vers… le manque.
“Qu’est-ce qui manque pour que ce soit 10 ?”

Logique ? Oui.
Utile ? Pas tant que ça.

Parce qu’en te focalisant sur ce qui n’est pas encore là, tu envoies le message que ce qui est déjà là n’a pas de valeur.

💡 Ce que je te propose à la place :
➡️ “Qu’est-ce qui fait que tu es déjà à 5, et pas à 1 ?”
Autrement dit : qu’est-ce qui marche, même un peu ?

Tu verras les visages se détendre.
Tu récolteras des ressources, de la fierté, de la confiance, de l’énergie mobilisable.

Et ensuite, oui, tu pourras ouvrir les perspectives.
Mais sans casser ce qui fonctionne déjà.
Parce que si on ne prend pas conscience de ce qu’on veut garder, on risque de le perdre en chemin.

L’échelle, ce n’est pas un examen.
C’est un point d’étape dans un voyage collectif.
Un moment pour savourer ce qui tient debout, avant de construire la suite.","""ChatGPT Image 2 mai 2025, 15_32_53.png (https://v5.airtableusercontent.com/v3/u/49/49/1767988800000/X4Fw1I3N3i5-2A7fDyOuZg/E5VvgkSHz3FkpTG3w_859pCj021AUx62m9GIEy2z77nSdXE2V93tkUIty2IiX3SkA0TxSe6djoOFQop3a5F4Uw3UuiOBQP2LHvWdYXccVipMk_XgQPP5Gnn1qT5GzamZZqHm53jgNC2Al-VYNgkVkJ4K3EDLJYRX0dPN6K38RIMqTOgPcIMfQinqjcEfW8nP/G914wlicm9UlM4rHo9P-NqjBeDOYrRH4lAtV3tvm2bY)""",La bonne question,"coaching,facilitation,intelligencecollective,outilfacilitateur,questionpuissante,softskills,solutionfocus",Publié,Brouillon,,
Comment faire un planning en équipe,"On sait ce qu’on veut.
On a tout posé : une longue liste de tâches, un descriptif enthousiaste et ultra détaillé de ce qu’on rêve de construire ensemble.
Mais concrètement… on s’y prend comment ?
Et si on se mettait d’accord sur le séquencement du projet, histoire de ne pas partir dans tous les sens ?

Moi, dans ces cas-là, je dégaine ma matrice magique.
Un outil tout simple, mais terriblement efficace pour transformer une todo list prolixe en plan d’action clair, visuel, et surtout partagé, et surtout les discussions qui l'accompagnent.

🔧 Le principe ?

On reprend les post-its (ou mieux : les résultats attendus), et on les organise sur deux axes :

🧱 Axe horizontal : les building blocks du projet
👉 Ça peut venir du parcours utilisateur, des fonctionnalités clés, ou même des phases du projet. On en garde entre 3 et 7 pour rester lisible.

⏳ Axe vertical : la priorité temporelle
Chaque colonne se divise en 3 étages :

Maintenant (1 seul post-it : il faut choisir !)

Ensuite (3 post-its maximum)

Plus tard (tout le reste)

🎯 Pourquoi ça marche ?

Parce que ça oblige à se parler vraiment.
À arbitrer. À renoncer un peu. À prioriser ensemble.

On se met d’accord sur ce qui vaut le coup de commencer : ce qui peut rapporter vite ou dérisquer la suite.
On rend visibles les arbitrages, on alignes les énergies, et on garde de la souplesse pour ajuster plus tard, quand on aura déjà un retour sur les premiers développements.
Tu sais, quand tu prends soin de la cadence.

Parce que choisir c'est déjà avancer.
Parce qu'on peut commencer, dès maintenant, dès ce soir, dès demain.","""ChatGPT Image 5 mai 2025, 14_55_16.png (https://v5.airtableusercontent.com/v3/u/49/49/1767988800000/l6--jRAltDqCCEIb9VGQ5Q/HX0n7_kxYD15hT-P9X5Sdd7WklVGTg0znQMnK9jTM3ojkcRaoFjD9GtkO9zjW8ApZJjmaOT5fSsMxIRyXpsLp_VyCEnPpPZ78BFXn_gwn8f9IA7TVmj_wgEycl8UmpNSGWttJSSCFugftF9y2FLD6WwKPJygyI4xNzySZ5oRFkyL9x7Lprx_TrCAHAw2xU7H/0hykBNEqtLynLfnIe2sJ1ejZb3WZT-7DNlrObkMPWkU)""",En collectif,"atelier,facilitation,intelligence collective,outil,outil facilitateur,planning,workshop design",Publié,Brouillon,,